FinalBalance,CAGR,Sharpe,MaxDD
2766.892519404936,0.292024610223915,1.4521065067112453,0.21290599142107247
