FinalBalance,CAGR,Sharpe,MaxDD
907.192791169873,-0.024222171584187713,-0.24035985459134082,0.19762828401026944
